{
    "name": "LowTierYou",
    "description": "A theme for my Material You colorscheme.",
    "authors": [
        {
            "name": "sdh",
            "id": "1075879793368760450"
        }
    ],
    "semanticColors": {
        "HEADER_PRIMARY": [
            "#ffedeb"
        ],
        "HEADER_SECONDARY": [
            "#ffedeb"
        ],
        "TEXT_NORMAL": [
            "#dfbfbd"
        ],
        "TEXT_MUTED": [
            "#dfbfbd"
        ],
        "TEXT_DANGER": [
            "#ec002f"
        ],
        "INTERACTIVE_NORMAL": [
            "#bea2a1"
        ],
        "INTERACTIVE_HOVER": [
            "#DCDDDE"
        ],
        "INTERACTIVE_ACTIVE": [
            "#ffffff"
        ],
        "INTERACTIVE_MUTED": [
            "#836c6a"
        ],
        "BACKGROUND_PRIMARY": [
            "#271817"
        ],
        "BACKGROUND_SECONDARY": [
            "#34201e"
        ],
        "BACKGROUND_SECONDARY_ALT": [
            "#554241"
        ],
        "BACKGROUND_TERTIARY": [
            "#3d2c2b"
        ],
        "BACKGROUND_ACCENT": [
            "#dfbfbd"
        ],
        "BACKGROUND_FLOATING": [
            "#554241"
        ],
        "BACKGROUND_MOBILE_PRIMARY": [
            "#271817"
        ],
        "BACKGROUND_MENTIONED": [
            "#664217"
        ],
        "BACKGROUND_MOBILE_SECONDARY": [
            "#554241"
        ],
        "BACKGROUND_NESTED_FLOATING": [
            "#271817"
        ],
        "BACKGROUND_MESSAGE_HOVER": [
            "#412c96"
        ],
        "BACKGROUND_MODIFIER_HOVER": [
            "#transparent"
        ],
        "BACKGROUND_MODIFIER_ACTIVE": [
            "transparent"
        ],
        "BACKGROUND_MODIFIER_SELECTED": [
            "#7c605f"
        ],
        "BACKGROUND_MODIFIER_ACCENT": [
            "transparent"
        ],
        "SCROLLBAR_THIN_THUMB": [
            "#5c4e97"
        ],
        "SCROLLBAR_THIN_TRACK": [
            "transparent"
        ],
        "SCROLLBAR_AUTO_THUMB": [
            "#281b54"
        ],
        "SCROLLBAR_AUTO_TRACK": [
            "#281b54"
        ],
        "KEYBOARD": [
            "#271817"
        ],
        "CHANNEL_TEXT_AREA_PLACEHOLDER": [
            "#dfbfbd"
        ],
        "CHANNELTEXTAREA_BACKGROUND": [
            "#dfbfbd"
        ],
        "CHANNEL_ICON": [
            "#dfbfbd"
        ],
        "CHANNELS_DEFAULT": [
            "#dfbfbd"
        ],
        "CHAT_BACKGROUND": [
            "#271817"
        ]
    },
    "rawColors": {
        "PRIMARY": "#dfbfbd",
        "PRIMARY_100": "#dfbfbd",
        "PRIMARY_200": "#FFFFFF",
        "PRIMARY_300": "#dfbfbd",
        "PRIMARY_360": "#dfbfbd",
        "PRIMARY_400": "#dfbfbd",
        "PRIMARY_500": "#271817",
        "PRIMARY_600": "#271817",
        "PRIMARY_630": "#271817",
        "PRIMARY_660": "#271817",
        "PRIMARY_700": "#271817",
        "PRIMARY_800": "#271817",
        "PRIMARY_900": "#090909",
        "BRAND_360": "#dfbfbd",
        "YELLOW_300": "#e09614",
        "BRAND_260": "#fad9d7",
        "BRAND_500": "#dfbfbd",
        "BRAND_560": "#dfbfbd",
        "GREEN_360": "#29962f",
        "RED_400": "#e83e33",
        "ORANGE_345": "#ec4b2f",
        "RED_560": "#e83e33",
        "GREEN_345": "#29962f",
        "BLUE_345": "#2996bb"
    },
    "spec": 2
}
